# s_m,x_m,y_m,psi_rad,kappa_radpm,vx_mps
0.00000,-0.30843,8.05052,2.34924,0.99311,2.64705
0.06308,-0.35411,8.09403,2.41331,0.98676,2.65491
0.12581,-0.40212,8.13439,2.47630,0.96109,2.66821
0.18823,-0.45223,8.17162,2.53775,0.93861,2.69279
0.25042,-0.50424,8.20572,2.59771,0.91541,2.71965
0.31240,-0.55792,8.23669,2.65622,0.89349,2.74842
0.37420,-0.61308,8.26456,2.71336,0.87319,2.77808
0.43582,-0.66951,8.28932,2.76926,0.85493,2.80792
0.49728,-0.72701,8.31101,2.82404,0.83881,2.83728
0.55857,-0.78541,8.32965,2.87784,0.82474,2.86560
0.61971,-0.84452,8.34525,2.93080,0.81234,2.89245
0.68070,-0.90419,8.35785,2.98299,0.80104,2.91759
0.74157,-0.96429,8.36749,3.03446,0.78985,2.94108
0.80235,-1.02470,8.37420,3.08519,0.77795,2.96349
0.86311,-1.08534,8.37802,3.13506,0.76233,2.98572
0.92393,-1.14615,8.37898,-3.09930,0.74810,3.01004
0.98496,-1.20715,8.37713,-3.05188,0.71261,3.03526
1.04668,-1.26870,8.37246,-3.00758,0.65374,3.07034
1.10955,-1.33112,8.36497,-2.96726,0.59304,3.11851
1.17374,-1.39449,8.35472,-2.93079,0.53452,3.17631
1.23937,-1.45883,8.34179,-2.89797,0.48095,3.24151
1.30647,-1.52411,8.32628,-2.86843,0.43319,3.31234
1.37498,-1.59022,8.30832,-2.84180,0.39132,3.38742
1.44481,-1.65705,8.28806,-2.81770,0.35495,3.46559
1.51581,-1.72442,8.26565,-2.79579,0.32353,3.54591
1.58780,-1.79216,8.24128,-2.77578,0.29648,3.62758
1.66056,-1.86006,8.21512,-2.75737,0.27331,3.70991
1.73385,-1.92789,8.18737,-2.74035,0.25353,3.79229
1.80740,-1.99543,8.15825,-2.72450,0.23665,3.87419
1.88094,-2.06244,8.12794,-2.70962,0.22338,3.95514
1.95420,-2.12869,8.09667,-2.69560,0.21022,4.03458
2.02689,-2.19394,8.06464,-2.68216,0.20734,4.11241
2.09894,-2.25813,8.03192,-2.66867,0.21104,4.18755
2.17045,-2.32133,7.99848,-2.65490,0.21277,4.25941
2.24139,-2.38353,7.96435,-2.64117,0.21239,4.32832
2.31178,-2.44473,7.92957,-2.62740,0.21314,4.39471
2.38160,-2.50491,7.89417,-2.61359,0.21378,4.45850
2.45087,-2.56408,7.85816,-2.59974,0.21468,4.51980
2.51960,-2.62225,7.82156,-2.58582,0.21565,4.57868
2.58781,-2.67944,7.78438,-2.57183,0.21665,4.63520
2.65553,-2.73567,7.74663,-2.55779,0.21756,4.68944
2.72281,-2.79097,7.70832,-2.54369,0.21825,4.74152
2.78968,-2.84537,7.66943,-2.52956,0.21857,4.79155
2.85622,-2.89893,7.62995,-2.51543,0.21835,4.83971
2.92248,-2.95170,7.58987,-2.50133,0.21743,4.88623
2.98856,-3.00375,7.54917,-2.48732,0.21551,4.93138
3.05453,-3.05514,7.50780,-2.47346,0.21274,4.97553
3.12051,-3.10596,7.46573,-2.45985,0.20767,5.00000
3.18663,-3.15634,7.42289,-2.44653,0.20471,5.00000
3.25341,-3.20669,7.37903,-2.43380,0.18453,5.00000
3.32102,-3.25717,7.33405,-2.42242,0.17024,5.00000
3.38944,-3.30774,7.28797,-2.41166,0.16356,5.00000
3.45862,-3.35837,7.24082,-2.40124,0.15868,5.00000
3.52850,-3.40900,7.19266,-2.39111,0.15501,5.00000
3.59900,-3.45956,7.14352,-2.38116,0.15272,5.00000
3.67003,-3.50996,7.09347,-2.37133,0.15163,5.00000
3.74149,-3.56012,7.04258,-2.36153,0.15168,5.00000
3.81327,-3.60994,6.99089,-2.35168,0.15276,5.00000
3.88527,-3.65931,6.93850,-2.34174,0.15477,5.00000
3.95736,-3.70813,6.88546,-2.33164,0.15763,4.93906
4.02944,-3.75631,6.83184,-2.32132,0.16129,4.85248
4.10142,-3.80376,6.77771,-2.31075,0.16563,4.76409
4.17320,-3.85038,6.72313,-2.29988,0.17053,4.67394
4.24472,-3.89610,6.66814,-2.28868,0.17582,4.58203
4.31590,-3.94085,6.61279,-2.27712,0.18156,4.48836
4.38662,-3.98453,6.55717,-2.26519,0.18708,4.39284
4.45672,-4.02698,6.50138,-2.25290,0.19399,4.29578
4.52604,-4.06804,6.44553,-2.24002,0.20521,4.19795
4.59444,-4.10758,6.38972,-2.22627,0.22013,4.09999
4.66178,-4.14547,6.33404,-2.21150,0.23668,4.00217
4.72795,-4.18157,6.27859,-2.19557,0.25587,3.90490
4.79286,-4.21577,6.22343,-2.17830,0.27797,3.80860
4.85641,-4.24797,6.16863,-2.15950,0.30354,3.71380
4.91858,-4.27808,6.11424,-2.13892,0.33295,3.62105
4.97932,-4.30602,6.06030,-2.11630,0.36675,3.53102
5.03866,-4.33172,6.00682,-2.09133,0.40545,3.44451
5.09663,-4.35514,5.95379,-2.06369,0.44945,3.36251
5.15333,-4.37625,5.90117,-2.03302,0.49898,3.28631
5.20888,-4.39505,5.84889,-1.99899,0.55353,3.21764
5.26348,-4.41154,5.79685,-1.96132,0.61110,3.15877
5.31742,-4.42579,5.74483,-1.91991,0.66766,3.11278
5.37177,-4.43812,5.69189,-1.87498,0.72244,3.11278
5.42692,-4.44868,5.63776,-1.82767,0.71733,3.11278
5.48294,-4.45750,5.58244,-1.78282,0.66725,3.12344
5.53986,-4.46464,5.52597,-1.74142,0.61293,3.15677
5.59769,-4.47013,5.46840,-1.70342,0.56269,3.20120
5.65639,-4.47402,5.40982,-1.66852,0.51731,3.25277
5.71594,-4.47633,5.35033,-1.63638,0.47739,3.30934
5.77624,-4.47712,5.29003,-1.60665,0.44286,3.36938
5.83724,-4.47642,5.22904,-1.57899,0.41337,3.43178
5.89882,-4.47426,5.16749,-1.55308,0.38849,3.49566
5.96090,-4.47068,5.10552,-1.52864,0.36776,3.56031
6.02335,-4.46573,5.04326,-1.50541,0.35078,3.62515
6.08609,-4.45944,4.98084,-1.48318,0.33705,3.68969
6.14898,-4.45186,4.91841,-1.46171,0.32689,3.75350
6.21197,-4.44301,4.85604,-1.44086,0.31772,3.81617
6.27524,-4.43284,4.79359,-1.42011,0.32472,3.87788
6.33895,-4.42132,4.73094,-1.39919,0.32190,3.93629
6.40321,-4.40843,4.66798,-1.37856,0.31560,3.99315
6.46812,-4.39415,4.60466,-1.35844,0.30644,4.04925
6.53375,-4.37848,4.54093,-1.33898,0.29526,4.10529
6.60015,-4.36143,4.47676,-1.32028,0.28271,4.16178
6.66734,-4.34301,4.41213,-1.30243,0.26936,4.21908
6.73535,-4.32324,4.34706,-1.28544,0.25569,4.27740
6.80417,-4.30217,4.28156,-1.26934,0.24208,4.33682
6.87376,-4.27981,4.21565,-1.25411,0.22876,4.39734
6.94409,-4.25623,4.14939,-1.23973,0.21592,4.45889
7.01511,-4.23148,4.08283,-1.22616,0.20367,4.52135
7.08675,-4.20562,4.01602,-1.21337,0.19208,4.58460
7.15893,-4.17871,3.94903,-1.20130,0.18117,4.64847
7.23159,-4.15082,3.88195,-1.18992,0.17096,4.71281
7.30461,-4.12204,3.81483,-1.17917,0.16144,4.77745
7.37791,-4.09243,3.74778,-1.16902,0.15259,4.84224
7.45138,-4.06209,3.68087,-1.15941,0.14439,4.90701
7.52492,-4.03108,3.61419,-1.15032,0.13685,4.97162
7.59841,-3.99949,3.54783,-1.14169,0.12997,5.00000
7.67175,-3.96741,3.48188,-1.13349,0.12365,5.00000
7.74483,-3.93492,3.41641,-1.12568,0.11788,5.00000
7.81755,-3.90209,3.35153,-1.11823,0.11265,5.00000
7.88980,-3.86901,3.28730,-1.11110,0.10793,5.00000
7.96148,-3.83573,3.22381,-1.10425,0.10374,5.00000
8.03249,-3.80235,3.16114,-1.09766,0.10006,5.00000
8.10276,-3.76891,3.09934,-1.09129,0.09691,5.00000
8.17220,-3.73549,3.03847,-1.08511,0.09435,5.00000
8.24074,-3.70212,2.97860,-1.07907,0.09236,5.00000
8.30833,-3.66885,2.91977,-1.07314,0.09100,5.00000
8.37492,-3.63571,2.86201,-1.06728,0.09019,5.00000
8.44071,-3.60259,2.80516,-1.06145,0.09039,5.00000
8.50634,-3.56907,2.74874,-1.05560,0.09029,5.00000
8.57190,-3.53508,2.69267,-1.04968,0.09454,5.00000
8.63746,-3.50059,2.63692,-1.04304,0.11818,5.00000
8.70310,-3.46554,2.58142,-1.03455,0.13448,5.00000
8.76886,-3.42990,2.52615,-1.02586,0.13620,5.00000
8.83480,-3.39364,2.47108,-1.01689,0.14029,5.00000
8.90097,-3.35672,2.41618,-1.00773,0.14277,5.00000
8.96738,-3.31911,2.36143,-0.99842,0.14488,5.00000
9.03409,-3.28080,2.30682,-0.98900,0.14637,5.00000
9.10111,-3.24177,2.25234,-0.97949,0.14741,5.00000
9.16847,-3.20200,2.19798,-0.96993,0.14808,5.00000
9.23617,-3.16148,2.14374,-0.96034,0.14847,5.00000
9.30422,-3.12020,2.08964,-0.95072,0.14863,5.00000
9.37264,-3.07815,2.03567,-0.94111,0.14865,5.00000
9.44142,-3.03533,1.98185,-0.93149,0.14858,5.00000
9.51055,-2.99173,1.92819,-0.92188,0.14847,5.00000
9.58004,-2.94736,1.87471,-0.91228,0.14837,5.00000
9.64987,-2.90222,1.82144,-0.90269,0.14830,5.00000
9.72003,-2.85631,1.76838,-0.89309,0.14831,5.00000
9.79051,-2.80963,1.71558,-0.88350,0.14841,5.00000
9.86129,-2.76219,1.66305,-0.87389,0.14863,5.00000
9.93235,-2.71400,1.61083,-0.86426,0.14899,5.00000
10.00367,-2.66507,1.55893,-0.85461,0.14947,5.00000
10.07524,-2.61540,1.50741,-0.84492,0.15011,5.00000
10.14704,-2.56500,1.45627,-0.83518,0.15089,5.00000
10.21904,-2.51388,1.40557,-0.82539,0.15181,5.00000
10.29123,-2.46205,1.35532,-0.81554,0.15288,5.00000
10.36359,-2.40952,1.30556,-0.80561,0.15410,5.00000
10.43610,-2.35629,1.25631,-0.79560,0.15545,5.00000
10.50875,-2.30238,1.20761,-0.78549,0.15693,5.00000
10.58153,-2.24778,1.15949,-0.77529,0.15854,5.00000
10.65441,-2.19252,1.11198,-0.76498,0.16026,5.00000
10.72733,-2.13663,1.06515,-0.75455,0.16210,5.00000
10.80023,-2.08014,1.01905,-0.74400,0.16398,5.00000
10.87310,-2.02308,0.97374,-0.73333,0.16604,5.00000
10.94588,-1.96547,0.92926,-0.72253,0.16786,5.00000
11.01856,-1.90732,0.88566,-0.71160,0.17084,5.00000
11.09110,-1.84866,0.84299,-0.70039,0.17534,5.00000
11.16348,-1.78950,0.80129,-0.68893,0.17916,5.00000
11.23567,-1.72987,0.76060,-0.67721,0.18318,5.00000
11.30764,-1.66979,0.72097,-0.66521,0.18754,5.00000
11.37937,-1.60928,0.68245,-0.65293,0.19221,5.00000
11.45085,-1.54835,0.64508,-0.64034,0.19718,5.00000
11.52206,-1.48702,0.60890,-0.62741,0.20246,5.00000
11.59297,-1.42531,0.57396,-0.61414,0.20807,5.00000
11.66359,-1.36323,0.54030,-0.60049,0.21401,5.00000
11.73389,-1.30081,0.50797,-0.58644,0.22029,5.00000
11.80387,-1.23805,0.47699,-0.57198,0.22692,4.98446
11.87354,-1.17497,0.44743,-0.55707,0.23391,4.92691
11.94288,-1.11159,0.41930,-0.54170,0.24126,4.86982
12.01190,-1.04791,0.39266,-0.52585,0.24902,4.81330
12.08062,-0.98395,0.36755,-0.50948,0.25714,4.75745
12.14903,-0.91972,0.34399,-0.49257,0.26563,4.70237
12.21717,-0.85522,0.32204,-0.47510,0.27448,4.64817
12.28504,-0.79046,0.30172,-0.45705,0.28368,4.59497
12.35267,-0.72545,0.28308,-0.43839,0.29322,4.54288
12.42009,-0.66019,0.26614,-0.41910,0.30306,4.49204
12.48734,-0.59468,0.25095,-0.39917,0.31317,4.44258
12.55445,-0.52892,0.23753,-0.37858,0.32352,4.39464
12.62147,-0.46292,0.22592,-0.35731,0.33404,4.34837
12.68846,-0.39665,0.21615,-0.33536,0.34467,4.30394
12.75545,-0.33012,0.20825,-0.31271,0.35533,4.26150
12.82254,-0.26330,0.20226,-0.28938,0.36593,4.22122
12.88979,-0.19618,0.19819,-0.26537,0.37634,4.18326
12.95720,-0.12880,0.19610,-0.24070,0.38646,4.14783
13.02475,-0.06124,0.19602,-0.21539,0.39610,4.11509
13.09244,0.00642,0.19800,-0.18947,0.40515,4.08518
13.16024,0.07409,0.20209,-0.16299,0.41339,4.05804
13.22811,0.14168,0.20832,-0.13600,0.42088,4.03369
13.29603,0.20908,0.21666,-0.10858,0.42667,4.01033
13.36395,0.27620,0.22703,-0.08084,0.43055,3.98477
13.43182,0.34294,0.23937,-0.05284,0.43556,3.95809
13.49959,0.40921,0.25359,-0.02448,0.44111,3.93063
13.56723,0.47491,0.26964,0.00426,0.44778,3.90366
13.63469,0.53998,0.28744,0.03345,0.45408,3.87662
13.70191,0.60431,0.30693,0.06313,0.46579,3.87662
13.76885,0.66784,0.32803,0.09345,0.46429,3.87662
13.83547,0.73049,0.35068,0.12305,0.45120,3.88351
13.90172,0.79219,0.37482,0.15186,0.43960,3.90347
13.96755,0.85286,0.40036,0.17995,0.42927,3.92788
14.03293,0.91245,0.42726,0.20742,0.42020,3.95474
14.09781,0.97089,0.45545,0.23434,0.41232,3.98289
14.16215,1.02812,0.48486,0.26079,0.40562,4.01155
14.22593,1.08408,0.51543,0.28685,0.40004,4.04016
14.28910,1.13874,0.54711,0.31258,0.39557,4.06824
14.35164,1.19204,0.57984,0.33805,0.39219,4.09535
14.41354,1.24395,0.61355,0.36335,0.38990,4.12112
14.47477,1.29442,0.64821,0.38853,0.38868,4.14513
14.53532,1.34344,0.68377,0.41367,0.38855,4.16696
14.59520,1.39097,0.72017,0.43883,0.38949,4.17096
14.65440,1.43702,0.75739,0.46409,0.39152,4.14307
14.71296,1.48157,0.79539,0.48952,0.39464,4.11325
14.77088,1.52463,0.83414,0.51518,0.39884,4.08219
14.82823,1.56620,0.87363,0.54115,0.40411,4.05053
14.88513,1.60639,0.91391,0.56749,0.41042,4.01880
14.94200,1.64547,0.95522,0.59427,0.41770,3.98737
14.99904,1.68359,0.99766,0.62156,0.42586,3.95674
15.05642,1.72087,1.04129,0.64939,0.43472,3.92751
15.11433,1.75744,1.08618,0.67782,0.44407,3.90038
15.17290,1.79341,1.13241,0.70685,0.45353,3.87626
15.23228,1.82890,1.18002,0.73649,0.46275,3.85668
15.29262,1.86402,1.22908,0.76670,0.47062,3.85668
15.35402,1.89888,1.27962,0.79717,0.46955,3.85668
15.41660,1.93359,1.33170,0.82706,0.45313,3.86214
15.48047,1.96824,1.38535,0.85564,0.42997,3.88359
15.54571,2.00295,1.44059,0.88256,0.40159,3.91509
15.61240,2.03780,1.49746,0.90753,0.36985,3.95544
15.68064,2.07289,1.55598,0.93038,0.33620,4.00368
15.75046,2.10831,1.61615,0.95102,0.30197,4.05896
15.82206,2.14420,1.67810,0.96946,0.26824,4.12053
15.89566,2.18070,1.74201,0.98575,0.23579,4.18780
15.97075,2.21775,1.80733,1.00000,0.20516,4.25953
16.04675,2.25525,1.87343,1.01234,0.17662,4.33442
16.12306,2.29312,1.93968,1.02290,0.15045,4.41125
16.19907,2.33126,2.00543,1.03184,0.12616,4.34568
16.27419,2.36958,2.07004,1.03929,0.10522,4.22751
16.34786,2.40800,2.13290,1.04562,0.09481,4.10704
16.41953,2.44643,2.19340,1.05140,0.07253,3.98472
16.48874,2.48481,2.25099,1.05456,0.02810,3.86146
16.55508,2.52309,2.30516,1.05527,-0.00609,3.73928
16.61825,2.56126,2.35550,1.05376,-0.04077,3.61944
16.67811,2.59935,2.40169,1.05000,-0.07524,3.50281
16.73470,2.63745,2.44352,1.04396,-0.11205,3.38983
16.78848,2.67588,2.48114,1.03544,-0.15284,3.28011
16.84102,2.71559,2.51556,1.02410,-0.19976,3.17087
16.89330,2.75712,2.54731,1.00946,-0.25573,3.06051
16.94604,2.80084,2.57680,0.99078,-0.32482,2.94807
16.99981,2.84703,2.60433,0.96700,-0.41297,2.83339
17.05507,2.89588,2.63015,0.93665,-0.52865,2.71771
17.11215,2.94751,2.65449,0.89758,-0.68361,2.60531
17.17127,3.00196,2.67753,0.84704,-0.88789,2.50767
17.23258,3.05923,2.69942,0.78188,-1.09520,2.44713
17.29614,3.11926,2.72031,0.70802,-1.16892,2.44713
17.36195,3.18195,2.74034,0.63248,-1.14740,2.44713
17.42997,3.24718,2.75963,0.56122,-1.04742,2.47353
17.50011,3.31479,2.77830,0.49794,-0.90750,2.52993
17.57226,3.38460,2.79648,0.44391,-0.76439,2.60829
17.64626,3.45643,2.81428,0.39881,-0.63371,2.70158
17.72195,3.53007,2.83181,0.36159,-0.52132,2.80477
17.79909,3.60522,2.84919,0.33103,-0.42745,2.91408
17.87715,3.68133,2.86653,0.30600,-0.34983,3.02643
17.95551,3.75774,2.88392,0.28554,-0.28557,3.13943
18.03356,3.83379,2.90147,0.26888,-0.23195,3.25125
18.11064,3.90878,2.91928,0.25541,-0.18665,3.36044
18.18611,3.98204,2.93745,0.24463,-0.14785,3.46588
18.25935,4.05286,2.95609,0.23619,-0.11424,3.56661
18.32975,4.12060,2.97529,0.22975,-0.08435,3.43840
18.39676,4.18459,2.99517,0.22549,-0.04745,3.29954
18.45990,4.24425,3.01583,0.22352,-0.01371,3.16280
18.51877,4.29903,3.03739,0.22371,0.01966,3.02974
18.57316,4.34851,3.05997,0.22608,0.05406,2.90165
18.62303,4.39235,3.08376,0.23074,0.09095,2.77935
18.66868,4.43041,3.10896,0.23795,0.13225,2.66298
18.71078,4.46277,3.13588,0.24812,0.18219,2.55160
18.75152,4.49071,3.16554,0.26189,0.24517,2.43982
18.79362,4.51597,3.19921,0.28027,0.32757,2.32001
18.83763,4.53878,3.23685,0.30486,0.44075,2.18975
18.88386,4.55928,3.27829,0.33822,0.60484,2.04738
18.93239,4.57753,3.32326,0.38472,0.85499,1.89228
18.98316,4.59357,3.37143,0.45209,1.25859,1.72645
19.03600,4.60739,3.42242,0.55367,1.94072,1.56043
19.09063,4.61900,3.47581,0.71121,2.87483,1.56043
19.14676,4.62837,3.53115,0.89768,2.63274,1.56043
19.20403,4.63549,3.58798,1.04687,1.99688,1.63246
19.26204,4.64031,3.64579,1.15950,1.51323,1.74408
19.32040,4.64283,3.70409,1.24639,1.19505,1.86587
19.37867,4.64299,3.76237,1.31627,0.98288,1.98749
19.43644,4.64079,3.82009,1.37503,0.84390,2.10494
19.49326,4.63619,3.87672,1.42665,0.75661,2.21610
19.54907,4.62912,3.93208,1.47391,0.70770,2.32036
19.60445,4.61942,3.98660,1.51888,0.68698,2.41840
19.65975,4.60695,4.04049,1.56332,0.69206,2.51029
19.71530,4.59162,4.09387,1.60893,0.72426,2.59539
19.77134,4.57334,4.14685,1.65762,0.78872,2.67168
19.82808,4.55207,4.19945,1.71138,0.87612,2.73406
19.88568,4.52775,4.25166,1.76991,0.92551,2.72105
19.94425,4.50037,4.30344,1.83053,0.94542,2.72105
20.00388,4.46992,4.35472,1.89159,0.93930,2.72105
20.06462,4.43653,4.40545,1.95172,0.91681,2.73370
20.12648,4.40032,4.45561,2.01003,0.88264,2.75679
20.18947,4.36140,4.50514,2.06604,0.85251,2.78926
20.25357,4.31992,4.55400,2.11941,0.78411,2.82576
20.31875,4.27598,4.60215,2.16781,0.71613,2.87687
20.38496,4.22974,4.64953,2.21216,0.65525,2.93746
20.45212,4.18133,4.69608,2.25280,0.60189,3.00410
20.51995,4.13104,4.74160,2.29021,0.55509,3.07448
20.58831,4.07905,4.78599,2.32479,0.51444,3.14722
20.65715,4.02547,4.82921,2.35692,0.47902,3.22133
20.72638,3.97043,4.87120,2.38692,0.44909,3.29612
20.79594,3.91404,4.91193,2.41526,0.42817,3.37093
20.86576,3.85641,4.95134,2.44238,0.41081,3.44458
20.93576,3.79765,4.98940,2.46846,0.39585,3.51676
21.00589,3.73788,5.02607,2.49364,0.38300,3.58732
21.07607,3.67718,5.06130,2.51805,0.37204,3.65612
21.14624,3.61567,5.09507,2.54180,0.36278,3.72304
21.21633,3.55344,5.12733,2.56501,0.35508,3.78796
21.28628,3.49060,5.15805,2.58777,0.34882,3.85075
21.35603,3.42724,5.18720,2.61017,0.34390,3.91130
21.42552,3.36344,5.21475,2.63229,0.34026,3.96946
21.49468,3.29932,5.24066,2.65422,0.33784,4.02508
21.56346,3.23495,5.26491,2.67604,0.33661,4.07800
21.63182,3.17042,5.28746,2.69781,0.33658,4.12801
21.69969,3.10583,5.30828,2.71962,0.33776,4.17487
21.76702,3.04125,5.32736,2.74154,0.34010,4.21828
21.83379,2.97677,5.34465,2.76365,0.34363,4.21647
21.89993,2.91246,5.36014,2.78603,0.34839,4.16033
21.96543,2.84840,5.37380,2.80875,0.35441,4.10223
22.03025,2.78467,5.38560,2.83191,0.36175,4.04257
22.09436,2.72133,5.39553,2.85558,0.37049,3.98172
22.15774,2.65845,5.40355,2.87987,0.38069,3.92005
22.22040,2.59610,5.40964,2.90487,0.39245,3.85789
22.28231,2.53432,5.41379,2.93067,0.40584,3.79562
22.34349,2.47318,5.41597,2.95741,0.42097,3.73360
22.40396,2.41272,5.41616,2.98518,0.43792,3.67223
22.46373,2.35297,5.41433,3.01410,0.45674,3.61194
22.52286,2.29397,5.41048,3.04431,0.47746,3.55321
22.58139,2.23574,5.40458,3.07591,0.50007,3.49661
22.63950,2.17818,5.39659,3.10904,0.52445,3.44270
22.69738,2.12118,5.38648,-3.13938,0.55042,3.39221
22.75510,2.06478,5.37426,-3.10290,0.57748,3.34629
22.81270,2.00900,5.35989,-3.06464,0.60560,3.30707
22.87021,1.95390,5.34339,-3.02461,0.63168,3.27684
22.92770,1.89952,5.32475,-2.98317,0.64883,3.25273
22.98519,1.84592,5.30396,-2.94083,0.66002,3.23070
23.04273,1.79315,5.28102,-2.89777,0.67062,3.21141
23.10035,1.74128,5.25594,-2.85408,0.67970,3.19438
23.15807,1.69038,5.22871,-2.80984,0.68763,3.17941
23.21595,1.64051,5.19934,-2.76512,0.69453,3.16626
23.27400,1.59175,5.16784,-2.71999,0.70052,3.15472
23.33226,1.54417,5.13422,-2.67450,0.70573,3.14444
23.39076,1.49786,5.09848,-2.62870,0.71022,3.13659
23.44952,1.45289,5.06064,-2.58263,0.71400,3.12646
23.50859,1.40936,5.02072,-2.53632,0.71728,3.12359
23.56799,1.36735,4.97873,-2.48982,0.72007,3.11189
23.62774,1.32695,4.93470,-2.44315,0.72285,3.11189
23.68790,1.28814,4.88874,-2.39632,0.72306,3.08912
23.74850,1.25086,4.84096,-2.34937,0.73355,3.08912
23.80959,1.21507,4.79145,-2.30257,0.69550,3.08912
23.87124,1.18069,4.74027,-2.25918,0.64990,3.12068
23.93352,1.14764,4.68749,-2.21855,0.60541,3.16302
23.99651,1.11583,4.63313,-2.18080,0.56203,3.21254
24.06030,1.08514,4.57720,-2.14583,0.51894,3.26765
24.12500,1.05548,4.51970,-2.11364,0.47644,3.32760
24.19075,1.02670,4.46059,-2.08418,0.43450,3.39191
24.25767,0.99868,4.39981,-2.05740,0.39331,3.46028
24.32593,0.97126,4.33729,-2.03326,0.35310,3.53250
24.39572,0.94431,4.27292,-2.01168,0.31427,3.60844
24.46726,0.91764,4.20654,-1.99257,0.27670,3.68799
24.54113,0.89100,4.13764,-1.97577,0.24263,3.77149
24.61710,0.86432,4.06651,-1.96127,0.20557,3.85812
24.69460,0.83753,3.99379,-1.94850,0.19171,3.91889
24.77297,0.81062,3.92018,-1.93725,0.14932,3.78324
24.85153,0.78356,3.84643,-1.92916,0.10195,3.63781
24.92956,0.75632,3.77331,-1.92400,0.05923,3.48525
25.00634,0.72889,3.70160,-1.92144,0.02022,3.32756
25.08114,0.70124,3.63210,-1.92135,-0.01748,3.16635
25.15327,0.67334,3.56558,-1.92372,-0.05589,3.00310
25.22206,0.64519,3.50281,-1.92868,-0.09773,2.83929
25.28695,0.61673,3.44450,-1.93648,-0.14538,2.67644
25.34745,0.58793,3.39129,-1.94761,-0.20225,2.51606
25.40327,0.55870,3.34374,-1.96285,-0.27349,2.35963
25.45434,0.52893,3.30224,-1.98340,-0.36750,2.20830
25.50097,0.49840,3.26700,-2.01122,-0.49906,2.06268
25.54389,0.46678,3.23798,-2.04954,-0.69595,1.92243
25.58551,0.43283,3.21390,-2.10393,-1.01031,1.78269
25.62841,0.39520,3.19330,-2.18463,-1.53112,1.64092
25.67326,0.35386,3.17590,-2.30901,-2.41254,1.52110
25.72040,0.30897,3.16151,-2.49174,-3.02539,1.52110
25.76995,0.26078,3.15000,-2.66960,-2.43460,1.52110
25.82183,0.20963,3.14130,-2.80712,-1.83788,1.61918
25.87584,0.15595,3.13532,-2.91117,-1.40889,1.73595
25.93170,0.10019,3.13203,-2.99227,-1.12075,1.85947
25.98904,0.04285,3.13136,-3.05839,-0.93386,1.98373
26.04748,-0.01556,3.13326,-3.11493,-0.81938,2.10536
26.10657,-0.07448,3.13770,3.11773,-0.74909,2.22210
26.16587,-0.13337,3.14462,3.07064,-0.71275,2.33262
26.22492,-0.19168,3.15398,3.02496,-0.70604,2.43573
26.28383,-0.24939,3.16581,2.97889,-0.72151,2.53075
26.34285,-0.30664,3.18016,2.93163,-0.73688,2.61688
26.40220,-0.36352,3.19709,2.88380,-0.73883,2.69432
26.46205,-0.42009,3.21663,2.83625,-0.72983,2.76477
26.52255,-0.47638,3.23881,2.78956,-0.71287,2.83009
26.58380,-0.53237,3.26365,2.74415,-0.69078,2.89202
26.64590,-0.58805,3.29114,2.70026,-0.66613,2.95201
26.70888,-0.64335,3.32127,2.65798,-0.64102,3.01103
26.77278,-0.69822,3.35403,2.61730,-0.61676,3.06961
26.83761,-0.75256,3.38938,2.57814,-0.59425,3.12792
26.90335,-0.80628,3.42728,2.54036,-0.57402,3.18591
26.96997,-0.85926,3.46767,2.50380,-0.55637,3.24335
27.03744,-0.91139,3.51050,2.46830,-0.54145,3.29991
27.10570,-0.96253,3.55570,2.43367,-0.52928,3.35519
27.17467,-1.01255,3.60320,2.39974,-0.51984,3.40872
27.24430,-1.06131,3.65290,2.36633,-0.51319,3.45995
27.31449,-1.10864,3.70473,2.33326,-0.50922,3.50823
27.38516,-1.15441,3.75859,2.30038,-0.50768,3.55281
27.45605,-1.19832,3.81423,2.26750,-0.50920,3.54144
27.52685,-1.24010,3.87140,2.23435,-0.51748,3.47828
27.59738,-1.27949,3.92990,2.20042,-0.53367,3.41231
27.66741,-1.31624,3.98952,2.16523,-0.55419,3.34497
27.73676,-1.35010,4.05004,2.12854,-0.58680,3.28202
27.80522,-1.38099,4.11113,2.08920,-0.61490,3.22145
27.87258,-1.40885,4.17246,2.04989,-0.60549,3.14472
27.93866,-1.43362,4.23372,2.01035,-0.61710,3.06065
28.00327,-1.45526,4.29460,1.96997,-0.63267,2.97012
28.06625,-1.47371,4.35482,1.92823,-0.65881,2.87538
28.12746,-1.48894,4.41410,1.88446,-0.69580,2.77816
28.18677,-1.50092,4.47219,1.83787,-0.74657,2.68042
28.24411,-1.50962,4.52886,1.78748,-0.81428,2.58444
28.29943,-1.51503,4.58391,1.73207,-0.90308,2.49334
28.35274,-1.51713,4.63719,1.67013,-1.01634,2.41186
28.40422,-1.51593,4.68865,1.59991,-1.16380,2.35267
28.45483,-1.51148,4.73906,1.52063,-1.27166,2.34445
28.50516,-1.50385,4.78881,1.43793,-1.27355,2.34445
28.55560,-1.49310,4.83809,1.35714,-1.21448,2.34445
28.60649,-1.47930,4.88708,1.28154,-1.11554,2.37689
28.65812,-1.46255,4.93592,1.21322,-0.99439,2.42370
28.71073,-1.44292,4.98473,1.15302,-0.86748,2.48279
28.76451,-1.42052,5.03362,1.10084,-0.74752,2.55172
28.81960,-1.39544,5.08267,1.05607,-0.63933,2.62815
28.87609,-1.36780,5.13194,1.01786,-0.54452,2.71026
28.93406,-1.33770,5.18148,0.98535,-0.46278,2.79665
28.99353,-1.30528,5.23134,0.95773,-0.39283,2.88623
29.05451,-1.27067,5.28154,0.93428,-0.33304,2.97815
29.11699,-1.23399,5.33211,0.91441,-0.28177,3.07177
29.18091,-1.19539,5.38307,0.89763,-0.23752,3.16656
29.24624,-1.15501,5.43443,0.88352,-0.19899,3.26211
29.31289,-1.11301,5.48618,0.87176,-0.16512,3.35808
29.38079,-1.06953,5.53833,0.86207,-0.13500,3.45416
29.44985,-1.02473,5.59089,0.85423,-0.10792,3.55011
29.51996,-0.97877,5.64384,0.84806,-0.08326,3.64569
29.59102,-0.93182,5.69717,0.84343,-0.06053,3.74068
29.66291,-0.88403,5.75088,0.84021,-0.03930,3.83488
29.73551,-0.83557,5.80494,0.83832,-0.01922,3.92809
29.80870,-0.78662,5.85935,0.83771,0.00004,4.02008
29.88234,-0.73735,5.91408,0.83832,0.01877,4.11065
29.95630,-0.68794,5.96911,0.84013,0.03723,4.19956
30.03045,-0.63856,6.02442,0.84314,0.05576,4.28655
30.10463,-0.58939,6.07998,0.84735,0.07463,4.30406
30.17872,-0.54063,6.13575,0.85281,0.09420,4.18533
30.25255,-0.49247,6.19172,0.85955,0.11457,4.06470
30.32601,-0.44507,6.24784,0.86763,0.13489,3.94215
30.39900,-0.39860,6.30412,0.87700,0.15637,3.81764
30.47129,-0.35332,6.36047,0.88803,0.18502,3.69193
30.54264,-0.30950,6.41678,0.90101,0.21626,3.56534
30.61282,-0.26742,6.47295,0.91619,0.25297,3.43851
30.68162,-0.22734,6.52887,0.93391,0.29561,3.31206
30.74883,-0.18955,6.58445,0.95461,0.34581,3.18681
30.81431,-0.15427,6.63961,0.97885,0.40543,3.06373
30.87792,-0.12176,6.69428,1.00729,0.47668,2.94406
30.93961,-0.09221,6.74844,1.04078,0.56185,2.82944
30.99940,-0.06580,6.80208,1.08029,0.66277,2.72198
31.05739,-0.04267,6.85526,1.12685,0.77959,2.62457
31.11379,-0.02292,6.90809,1.18140,0.90832,2.54114
31.16892,-0.00660,6.96075,1.24437,1.03723,2.47711
31.22323,0.00627,7.01351,1.31493,1.13870,2.43731
31.27730,0.01572,7.06674,1.39062,1.17836,2.43731
31.33205,0.02188,7.12115,1.46534,1.10795,2.43731
31.38834,0.02488,7.17735,1.53353,1.00233,2.47631
31.44622,0.02472,7.23524,1.59545,0.91436,2.53162
31.50568,0.02137,7.29460,1.65233,0.84580,2.59505
31.56661,0.01485,7.35518,1.70540,0.79579,2.66242
31.62890,0.00515,7.41671,1.75573,0.76122,2.73081
31.69237,-0.00775,7.47886,1.80426,0.74008,2.79798
31.75684,-0.02383,7.54129,1.85180,0.73095,2.86190
31.82209,-0.04310,7.60363,1.89912,0.73294,2.92038
31.88792,-0.06553,7.66552,1.94692,0.74563,2.92746
31.95409,-0.09111,7.72654,1.99590,0.76927,2.85659
32.02038,-0.11982,7.78630,2.04677,0.80383,2.78090
32.08658,-0.15163,7.84435,2.10036,0.85332,2.70438
32.15246,-0.18649,7.90026,2.15734,0.90839,2.62754
32.21782,-0.22434,7.95354,2.21952,1.01391,2.62754
32.28247,-0.26512,8.00370,2.28474,1.00062,2.62754
